{"total_rows": 1910188, "total_utilities": 1677, "total_states": 50, "avg_saidi": 322.1131286621094, "avg_saifi": 1.5482059717178345, "avg_caidi": 148.76327514648438, "total_damage": 754600530280.0, "total_injuries": 120410.0, "total_deaths": 47764.0, "high_risk": 1594382, "medium_risk": 0, "low_risk": 315806}